{
  "project_info": {
    "project_number": "526228108667",
    "firebase_url": "https://trackme-cf67f.firebaseio.com",
    "project_id": "trackme-cf67f",
    "storage_bucket": "trackme-cf67f.appspot.com"
  },
  "client": [
    {
      "client_info": {
        "mobilesdk_app_id": "1:526228108667:android:be8a43694091db83",
        "android_client_info": {
          "package_name": "com.example.pushpak.trackme"
        }
      },
      "oauth_client": [
        {
          "client_id": "526228108667-pmhm1m93uuvot8q5gcj59q010rp044ku.apps.googleusercontent.com",
          "client_type": 1,
          "android_info": {
            "package_name": "com.example.pushpak.trackme",
            "certificate_hash": "f6353f58deb00e547f68be99e681589f0ebc740c"
          }
        },
        {
          "client_id": "526228108667-hsjk3v8e2j184gvvgf2tm5l9d52mldt7.apps.googleusercontent.com",
          "client_type": 3
        }
      ],
      "api_key": [
        {
          "current_key": "AIzaSyCPO1fc_bTMASOrZkkO7jHCLnIfue7EZ5E"
        }
      ],
      "services": {
        "analytics_service": {
          "status": 1
        },
        "appinvite_service": {
          "status": 2,
          "other_platform_oauth_client": [
            {
              "client_id": "526228108667-hsjk3v8e2j184gvvgf2tm5l9d52mldt7.apps.googleusercontent.com",
              "client_type": 3
            }
          ]
        },
        "ads_service": {
          "status": 2
        }
      }
    }
  ],
  "configuration_version": "1"
}